"","Assay Target","Target UniProt","Bioinfomatic annotated gene","Ensembl gene ID"
"1","AARSD1","Q9BTE6","ARHGEF3","ENSG00000163947"
"2","ABHD14B","Q96IU4","ABHD14B","ENSG00000114779"
"3","ABL1","P00519","ARHGEF3","ENSG00000163947"
"4","ACAA1","P09110","ACAA1","ENSG00000060971"
"5","ACAN","P16112","RPL21P24","ENSG00000229554"
"6","ACE2","Q9BYF1","CPS1","ENSG00000021826"
"7","ACOX1","Q15067","ACOX1","ENSG00000161533"
"8","ACP5","P13686","AL590385.2","ENSG00000273112"
"9","ACP6","Q9NPH0",NA,NA
"10","ACTA2","P62736","RF02116","ENSG00000275693"
"11","ACVRL1","P37023",NA,"ENSG00000236713"
"12","ACY1","Q03154","GCKR","ENSG00000084734"
"13","ADA","P00813","DPP4","ENSG00000197635"
"14","ADA2","Q9NZK5","FAM117B","ENSG00000138439"
"15","ADAM15","Q13444","ADAM15","ENSG00000143537"
"16","ADAM22","Q9P0K1","NPHS2","ENSG00000116218"
"17","ADAM23","O75077","NPHS2","ENSG00000116218"
"18","ADAM8","P78325","LDLRAP1","ENSG00000157978"
"19","ADAMTS13","Q76LX8","NT5DC2","ENSG00000168268"
"20","ADAMTS15","Q8TE58","AC068631.1","ENSG00000197099"
"21","ADAMTS16","Q8TE57","CD55","ENSG00000196352"
"22","ADAMTS8","Q9UP79","GALNT2","ENSG00000143641"
"23","ADGRB3","O60242","GCKR","ENSG00000084734"
"24","ADGRE2","Q9UHX3","AL590385.2","ENSG00000273112"
"25","ADGRE5","P48960","AL590385.2","ENSG00000273112"
"26","ADGRG1","Q9Y653","CPS1","ENSG00000021826"
"27","ADGRG2","Q8IZP9","FGGY-DT","ENSG00000224609"
"28","ADH4","P08319","ADH4","ENSG00000198099"
"29","ADM","P35318","FAP","ENSG00000078098"
"30","AFP","P02771","FMO3","ENSG00000007933"
"31","AGER","Q15109","CASZ1","ENSG00000130940"
"32","AGR2","O95994","HLA-DRA","ENSG00000204287"
"33","AGR3","Q8TD06",NA,NA
"34","AGRN","O00468","AGRN","ENSG00000188157"
"35","AGRP","O00253","DOCK7","ENSG00000116641"
"36","AGXT","P21549",NA,NA
"37","AHCY","P23526","ALB","ENSG00000163631"
"38","AHSP","Q9NZD4",NA,NA
"39","AIF1","P55008","PRRC2A","ENSG00000204469"
"40","AIFM1","O95831","ARHGEF3","ENSG00000163947"
"41","AKR1B1","P15121","AKR1B1","ENSG00000085662"
"42","AKR1C4","P17516","AKR1C4","ENSG00000198610"
"43","AKT1S1","Q96B36","ARHGEF3","ENSG00000163947"
"44","AKT3","Q9Y243","AKT3","ENSG00000117020"
"45","ALCAM","Q13740","ALCAM","ENSG00000170017"
"46","ALDH1A1","P00352","HBS1L","ENSG00000112339"
"47","ALDH3A1","P30838","ALDH3A1","ENSG00000108602"
"48","ALPP","P05187","TRIT1","ENSG00000043514"
"49","AMBN","Q9NP70",NA,NA
"50","AMBP","P02760","NPHS2","ENSG00000116218"
"51","AMIGO2","Q86SJ2","ST3GAL3","ENSG00000126091"
"52","AMN","Q9BXJ7","CELSR2","ENSG00000143126"
"53","AMY2A","P04746",NA,NA
"54","AMY2B","P19961",NA,NA
"55","ANG","P03950","MSL2","ENSG00000174579"
"56","ANGPT1","Q15389","PEAR1","ENSG00000187800"
"57","ANGPT2","O15123","SLC39A8","ENSG00000138821"
"58","ANGPTL1","O95841","RNA5SP69","ENSG00000201347"
"59","ANGPTL2","Q9UKU9",NA,NA
"60","ANGPTL3","Q9Y5C1","DOCK7","ENSG00000116641"
"61","ANGPTL4","Q9BY76","RAB11B-AS1","ENSG00000269386"
"62","ANGPTL7","O43827","ANGPTL7","ENSG00000171819"
"63","ANKRD54","Q6NXT1","POLR2F","ENSG00000100142"
"64","ANPEP","P15144","SLC39A8","ENSG00000138821"
"65","ANXA10","Q9UJ72","GBAP1","ENSG00000160766"
"66","ANXA11","P50995","HLA-DQA1","ENSG00000196735"
"67","ANXA3","P12429","ARHGEF3","ENSG00000163947"
"68","ANXA4","P09525","ARHGEF3","ENSG00000163947"
"69","ANXA5","P08758","ANXA5","ENSG00000164111"
"70","AOC1","P19801","AOC1","ENSG00000002726"
"71","AOC3","Q16853","IL17RC","ENSG00000163702"
"72","APBB1IP","Q7Z5R6",NA,NA
"73","APEX1","P27695","ARHGEF3","ENSG00000163947"
"74","APLP1","P51693","SERPINE2","ENSG00000135919"
"75","APOH","P02749","APOH","ENSG00000091583"
"76","APOM","O95445","GCKR","ENSG00000084734"
"77","APP","P05067","PEAR1","ENSG00000187800"
"78","APRT","P07741","MFSD6","ENSG00000151690"
"79","AREG","P15514","AREG","ENSG00000109321"
"80","ARG1","P05089","ARG1","ENSG00000118520"
"81","ARHGAP1","Q07960","ZFPM2","ENSG00000169946"
"82","ARHGAP25","P42331","ARHGAP25","ENSG00000163219"
"83","ARSA","P15289","ARID1A","ENSG00000117713"
"84","ARSB","P15848","ARSB","ENSG00000113273"
"85","ART3","Q13508","TDRD5","ENSG00000162782"
"86","ARTN","Q5T4W7","FAM30A","ENSG00000226777"
"87","ASAH2","Q9NR71","MAN1C1","ENSG00000117643"
"88","ASGR1","P07306","CELSR2","ENSG00000143126"
"89","ATF2","P15336","TRAV4","ENSG00000211778"
"90","ATG4A","Q8WYN0","ARHGEF3","ENSG00000163947"
"91","ATOX1","O00244","ARHGEF3","ENSG00000163947"
"92","ATP5IF1","Q9UII2","DNAJC8","ENSG00000126698"
"93","ATP6AP2","O75787","HLA-DRB5","ENSG00000198502"
"94","ATP6V1D","Q9Y5K8","HLA-DRB5","ENSG00000198502"
"95","ATP6V1F","Q16864","ARHGEF3","ENSG00000163947"
"96","ATXN10","Q9UBB4","ARHGEF3","ENSG00000163947"
"97","AXIN1","O15169","ARHGEF3","ENSG00000163947"
"98","AXL","P30530","MIR34AHG","ENSG00000228526"
"99","AZU1","P20160","VDAC1P9","ENSG00000232366"
"100","B4GALT1","P15291","NPHS2","ENSG00000116218"
"101","B4GAT1","O43505","B3GALT1","ENSG00000172318"
"102","BACH1","O14867","AC004917.1","ENSG00000243797"
"103","BAG3","O95817","KNG1","ENSG00000113889"
"104","BAG6","P46379","NRBF2","ENSG00000148572"
"105","BAIAP2","Q9UQB8","ZNF827","ENSG00000151612"
"106","BAMBI","Q13145","ARHGEF3","ENSG00000163947"
"107","BANK1","Q8NDB2","ARHGEF3","ENSG00000163947"
"108","BAX","Q07812","ARHGEF3","ENSG00000163947"
"109","BCAM","P50895","FCGR2B","ENSG00000072694"
"110","BCAN","Q96GW7","LINC01525","ENSG00000235202"
"111","BCL2L11","O43521","SERPINE2","ENSG00000135919"
"112","BCR","P11274","RSPH14","ENSG00000100218"
"113","BGN","P21810","CHST13","ENSG00000180767"
"114","BID","P55957","KLKB1","ENSG00000164344"
"115","BIN2","Q9UBW5","ARHGEF3","ENSG00000163947"
"116","BIRC2","Q13490","ARHGEF3","ENSG00000163947"
"117","BLMH","Q13867","FN1","ENSG00000115414"
"118","BLVRB","P30043","HBS1L","ENSG00000112339"
"119","BMP4","P12644","CAPZB","ENSG00000077549"
"120","BMP6","P22004","SERPINE2","ENSG00000135919"
"121","BOC","Q9BWV1","GCKR","ENSG00000084734"
"122","BPIFB1","Q8TDL5",NA,NA
"123","BRK1","Q8WUW1","ARHGEF3","ENSG00000163947"
"124","BSG","P35613","NPHS2","ENSG00000116218"
"125","BST1","Q10588","BST1","ENSG00000109743"
"126","BST2","Q10589","ISG15","ENSG00000187608"
"127","BTC","P35070","ARHGEF3","ENSG00000163947"
"128","BTN2A1","Q7KYR7","NPHS2","ENSG00000116218"
"129","BTN3A2","P78410","BTN3A2","ENSG00000186470"
"130","C19orf12","Q9NSK7","TNFSF10","ENSG00000121858"
"131","C1QA","P02745","C1QA","ENSG00000173372"
"132","C1QTNF1","Q9BXJ1","HGFAC","ENSG00000109758"
"133","C2","P06681","GCKR","ENSG00000084734"
"134","C2CD2L","O14523","KLKB1","ENSG00000164344"
"135","C4BPB","P20851","GSTM1","ENSG00000134184"
"136","CA1","P00915","TRIM58","ENSG00000162722"
"137","CA11","O75493","CELSR2","ENSG00000143126"
"138","CA12","O43570","NPHS2","ENSG00000116218"
"139","CA13","Q8N1Q1","ARHGEF3","ENSG00000163947"
"140","CA14","Q9ULX7","CIART","ENSG00000159208"
"141","CA2","P00918","AC100801.1","ENSG00000253154"
"142","CA3","P07451","TRIM58","ENSG00000162722"
"143","CA4","P22748","CCDC150","ENSG00000144395"
"144","CA5A","P35218","ZNF827","ENSG00000151612"
"145","CA6","P23280","CA6","ENSG00000131686"
"146","CA9","Q16790","HLA-DRB1","ENSG00000196126"
"147","CALB1","P05937",NA,NA
"148","CALB2","P22676","HYDIN","ENSG00000157423"
"149","CALCA","P01258","PAX8","ENSG00000125618"
"150","CALCOCO1","Q9P1Z2","ARHGEF3","ENSG00000163947"
"151","CAMKK1","Q8N5S9","AC004917.1","ENSG00000243797"
"152","CANT1","Q8WVQ1","NPHS2","ENSG00000116218"
"153","CAPG","P40121","CAPG","ENSG00000042493"
"154","CARHSP1","Q9Y2V2","PMM2","ENSG00000140650"
"155","CASP1","P29466","GIMAP7","ENSG00000179144"
"156","CASP10","Q92851","CASP10","ENSG00000003400"
"157","CASP2","P42575","ARHGEF3","ENSG00000163947"
"158","CASP3","P42574","PRIMPOL","ENSG00000164306"
"159","CASP8","Q14790","CASP8","ENSG00000064012"
"160","CBLIF","P27352","CSF1","ENSG00000184371"
"161","CBLN4","Q9NTU7",NA,NA
"162","CC2D1A","Q6P1N0","ARHGEF3","ENSG00000163947"
"163","CCDC80","Q76M96","CCDC80","ENSG00000091986"
"164","CCL11","P51671","ACKR1","ENSG00000213088"
"165","CCL13","Q99616","ACKR1","ENSG00000213088"
"166","CCL14","Q16627","ACKR1","ENSG00000213088"
"167","CCL15","Q16663",NA,NA
"168","CCL16","O15467",NA,NA
"169","CCL17","Q92583","ACKR1","ENSG00000213088"
"170","CCL18","P55774",NA,NA
"171","CCL19","Q99731","PTPN22","ENSG00000134242"
"172","CCL2","P13500","ACKR1","ENSG00000213088"
"173","CCL20","P78556","SNRPGP8","ENSG00000226718"
"174","CCL21","O00585","SPRED2","ENSG00000198369"
"175","CCL22","O00626","ACKR2","ENSG00000144648"
"176","CCL23","P55773",NA,NA
"177","CCL24","O00175","TRIM33","ENSG00000197323"
"178","CCL25","O15444","MTCO3P1","ENSG00000235040"
"179","CCL26","Q9Y258","ACKR1","ENSG00000213088"
"180","CCL27","Q9Y4X3","TNXB","ENSG00000168477"
"181","CCL28","Q9NRJ3","RPRD2","ENSG00000163125"
"182","CCL3","P10147",NA,"ENSG00000288724"
"183","CCL4","P13236",NA,NA
"184","CCL5","P13501","ARHGEF3","ENSG00000163947"
"185","CCL7","P80098","ACKR1","ENSG00000213088"
"186","CCL8","P80075","ACKR1","ENSG00000213088"
"187","CCN1","O00622",NA,"ENSG00000230285"
"188","CCN2","P29279","LINC01221","ENSG00000235492"
"189","CCN3","P48745","CCN3","ENSG00000136999"
"190","CCN4","O95388","MEF2D","ENSG00000116604"
"191","CCN5","O76076","SHROOM3","ENSG00000138771"
"192","CCS","O14618","CCS","ENSG00000173992"
"193","CD109","Q6YHK3","GCKR","ENSG00000084734"
"194","CD14","P08571","PIGC","ENSG00000135845"
"195","CD160","O95971","RUNX3","ENSG00000020633"
"196","CD163","Q86VB7","AL590385.2","ENSG00000273112"
"197","CD164","Q04900","ARL8A","ENSG00000143862"
"198","CD177","Q8N6Q3","KDELR2","ENSG00000136240"
"199","CD1C","P29017","FGGY","ENSG00000172456"
"200","CD200","P41217","GCKR","ENSG00000084734"
"201","CD200R1","Q8TD46",NA,"ENSG00000228541"
"202","CD207","Q9UJ71","NSL1","ENSG00000117697"
"203","CD209","Q9NNX6","CELSR2","ENSG00000143126"
"204","CD22","P20273","ACOXL","ENSG00000153093"
"205","CD244","Q9BZW8","ST3GAL3","ENSG00000126091"
"206","CD27","P26842","TDRD5","ENSG00000162782"
"207","CD274","Q9NZQ7","FCGR2A","ENSG00000143226"
"208","CD276","Q5ZPR3","SNX17","ENSG00000115234"
"209","CD28","P10747","ST3GAL3","ENSG00000126091"
"210","CD2AP","Q9Y5K6","ARHGEF3","ENSG00000163947"
"211","CD300C","Q08708","NPHS2","ENSG00000116218"
"212","CD300E","Q496F6",NA,"ENSG00000288880"
"213","CD300LF","Q8TDQ1","NPHS2","ENSG00000116218"
"214","CD300LG","Q6UXG3","NPHS2","ENSG00000116218"
"215","CD302","Q8IX05","CD302","ENSG00000241399"
"216","CD33","P20138","MGAT5","ENSG00000152127"
"217","CD34","P28906","CD34","ENSG00000174059"
"218","CD38","P28907","CD38","ENSG00000004468"
"219","CD4","P01730","HLA-DQA1","ENSG00000196735"
"220","CD40","P25942","ARHGEF3","ENSG00000163947"
"221","CD40LG","P29965","CSRNP1","ENSG00000144655"
"222","CD46","P15529","NPHS2","ENSG00000116218"
"223","CD48","P09326","ST3GAL3","ENSG00000126091"
"224","CD5","P06127","IL7R","ENSG00000168685"
"225","CD55","P08174","AL596218.1","ENSG00000237074"
"226","CD58","P19256","CD58","ENSG00000116815"
"227","CD59","P13987","CFHR3","ENSG00000116785"
"228","CD6","P30203","DNMT3A","ENSG00000119772"
"229","CD63","P08962","PDIA5","ENSG00000065485"
"230","CD69","Q07108","ARHGEF3","ENSG00000163947"
"231","CD70","P32970","FGGY-DT","ENSG00000224609"
"232","CD74","P04233","CD74","ENSG00000019582"
"233","CD79B","P40259","AXDND1","ENSG00000162779"
"234","CD83","Q01151","NSL1","ENSG00000117697"
"235","CD84","Q9UIB8","CD84","ENSG00000066294"
"236","CD8A","P01732","CD8A","ENSG00000153563"
"237","CD93","Q9NPY3","NPHS2","ENSG00000116218"
"238","CD99","P14209","GCKR","ENSG00000084734"
"239","CD99L2","Q8TCZ2","APOB","ENSG00000084674"
"240","CDC27","P30260","ARHGEF3","ENSG00000163947"
"241","CDC37","Q16543","ARHGEF3","ENSG00000163947"
"242","CDCP1","Q9H5V8","CDCP1","ENSG00000163814"
"243","CDH1","P12830","ABO","ENSG00000175164"
"244","CDH15","P55291","VPS25P1","ENSG00000226755"
"245","CDH17","Q12864","NOTCH2","ENSG00000134250"
"246","CDH2","P19022","ACTR3","ENSG00000115091"
"247","CDH3","P22223",NA,NA
"248","CDH5","P33151","FCGR2C","ENSG00000244682"
"249","CDH6","P55285",NA,NA
"250","CDHR1","Q96JP9","FLG","ENSG00000143631"
"251","CDHR2","Q9BYE9",NA,NA
"252","CDHR5","Q9HBB8","F13B","ENSG00000143278"
"253","CDKN1A","P38936","ARHGEF3","ENSG00000163947"
"254","CDKN2D","P55273","ARHGEF3","ENSG00000163947"
"255","CDNF","Q49AH0","CDNF","ENSG00000185267"
"256","CDON","Q4KMG0","MRC1","ENSG00000260314"
"257","CDSN","Q15517",NA,NA
"258","CEACAM1","P13688",NA,NA
"259","CEACAM21","Q3KPI0","ATXN2","ENSG00000204842"
"260","CEACAM3","P40198","IGKV1D-35","ENSG00000232747"
"261","CEACAM5","P06731","THADA","ENSG00000115970"
"262","CEACAM8","P31997","CSF3R","ENSG00000119535"
"263","CEBPB","P17676","MED24","ENSG00000008838"
"264","CELA3A","P09093","CELA3B","ENSG00000219073"
"265","CEP20","Q96NB1","ARHGEF3","ENSG00000163947"
"266","CEP43","O95684",NA,NA
"267","CEP85","Q6P2H3","ZPLD2P","ENSG00000236155"
"268","CERT","Q9Y5P4","ARHGEF3","ENSG00000163947"
"269","CES1","P23141","GORAB","ENSG00000120370"
"270","CES2","O00748",NA,NA
"271","CES3","Q6UWW8","ARID1A","ENSG00000117713"
"272","CETN2","P41208","ARHGEF3","ENSG00000163947"
"273","CFC1","P0CG37","ADCY5","ENSG00000173175"
"274","CGA","P01215","CENPW","ENSG00000203760"
"275","CGREF1","Q99674","CGREF1","ENSG00000138028"
"276","CHAC2","Q8WUX2","ASB3","ENSG00000115239"
"277","CHGB","P05060",NA,NA
"278","CHI3L1","P36222","CHI3L1","ENSG00000133048"
"279","CHIT1","Q13231","CHIT1","ENSG00000133063"
"280","CHL1","O00533","ST3GAL3","ENSG00000126091"
"281","CHMP1A","Q9HD42","ARHGEF3","ENSG00000163947"
"282","CHRDL1","Q9BU40","B4GALNT3","ENSG00000139044"
"283","CHRDL2","Q6WN34","AC007690.1","ENSG00000233565"
"284","CIAPIN1","Q6FI81","ARHGEF3","ENSG00000163947"
"285","CKAP4","Q07065","NPHS2","ENSG00000116218"
"286","CKMT1A_CKMT1B","P12532","TBC1D8","ENSG00000204634"
"287","CLC","Q05315","USP34","ENSG00000115464"
"288","CLEC10A","Q8IUN9","NMD3","ENSG00000169251"
"289","CLEC11A","Q9Y240","DSTYK","ENSG00000133059"
"290","CLEC14A","Q86T13","SDC3","ENSG00000162512"
"291","CLEC1A","Q8NC01","NPHS2","ENSG00000116218"
"292","CLEC1B","Q9P126","PDIA5","ENSG00000065485"
"293","CLEC4A","Q9UMR7","FCGR3B","ENSG00000162747"
"294","CLEC4C","Q8WTT0","MIR4432HG","ENSG00000228590"
"295","CLEC4D","Q8WXI8","CSF3R","ENSG00000119535"
"296","CLEC4G","Q6UXB4",NA,NA
"297","CLEC5A","Q9NY25","CSF3R","ENSG00000119535"
"298","CLEC6A","Q6EIG7","RUNX3","ENSG00000020633"
"299","CLEC7A","Q9BXN2",NA,NA
"300","CLIP2","Q9UDT6",NA,"ENSG00000287815"
"301","CLMP","Q9H6B4","GCKR","ENSG00000084734"
"302","CLPS","P04118","AQP12B","ENSG00000185176"
"303","CLSPN","Q9HAW4","MGMT","ENSG00000170430"
"304","CLSTN1","O94985","ABO","ENSG00000175164"
"305","CLSTN2","Q9H4D0","RNU6-961P","ENSG00000200763"
"306","CLTA","P09496","TRIM58","ENSG00000162722"
"307","CLUL1","Q15846","RPS23P9","ENSG00000231586"
"308","CNDP1","Q96KN2","AC092991.1","ENSG00000244740"
"309","CNPY2","Q9Y2B0","SERPINA1","ENSG00000197249"
"310","CNPY4","Q8N129","ARHGEF3","ENSG00000163947"
"311","CNST","Q6PJW8","ARHGEF3","ENSG00000163947"
"312","CNTN1","Q12860",NA,NA
"313","CNTN2","Q02246","CNTN2","ENSG00000184144"
"314","CNTN3","Q9P232","ARID1A","ENSG00000117713"
"315","CNTN4","Q8IWV2","CNTN4","ENSG00000144619"
"316","CNTN5","O94779","GCKR","ENSG00000084734"
"317","CNTNAP2","Q9UHC6","SNX17","ENSG00000115234"
"318","COL18A1","P39060","GCKR","ENSG00000084734"
"319","COL1A1","P02452","PTPN22","ENSG00000134242"
"320","COL4A1","P02462","HGFAC","ENSG00000109758"
"321","COL6A3","P12111","COL6A3","ENSG00000163359"
"322","COL9A1","P20849","HFE","ENSG00000010704"
"323","COLEC12","Q5KU26","PRKAG2","ENSG00000106617"
"324","COMP","P49747","ADAMTS4","ENSG00000158859"
"325","COMT","P21964","ARHGEF3","ENSG00000163947"
"326","CORO1A","P31146","AC004917.1","ENSG00000243797"
"327","COX5B","P10606","OCIAD1","ENSG00000109180"
"328","CPA1","P15085","FAF1","ENSG00000185104"
"329","CPA2","P48052","CPA2","ENSG00000158516"
"330","CPB1","P15086","CSF1","ENSG00000184371"
"331","CPE","P16870","MSMO1","ENSG00000052802"
"332","CPM","P14384","MTARC1","ENSG00000186205"
"333","CPPED1","Q9BRF8","CPPED1","ENSG00000103381"
"334","CPVL","Q9H3G5","KNG1","ENSG00000113889"
"335","CPXM1","Q96SM3","LINC01221","ENSG00000235492"
"336","CR2","P20023","CLCA2","ENSG00000137975"
"337","CRACR2A","Q9BSW2","ARHGEF3","ENSG00000163947"
"338","CRADD","P78560","ARHGEF3","ENSG00000163947"
"339","CREG1","O75629","CREG1","ENSG00000143162"
"340","CRELD2","Q6UXH1","PSEN2","ENSG00000143801"
"341","CRH","P06850","CELSR2","ENSG00000143126"
"342","CRHBP","P24387","ADGRL4","ENSG00000162618"
"343","CRIM1","Q9NZV1","CRIM1","ENSG00000150938"
"344","CRIP2","P52943","PON1","ENSG00000005421"
"345","CRISP2","P16562","NEB","ENSG00000183091"
"346","CRKL","P46109","ZFPM2","ENSG00000169946"
"347","CRLF1","O75462","COLEC11","ENSG00000118004"
"348","CRNN","Q9UBG3","FLG-AS1","ENSG00000237975"
"349","CRTAC1","Q9NQ79","HRG","ENSG00000113905"
"350","CRTAM","O95727","ACOXL","ENSG00000153093"
"351","CSF1","P09603",NA,NA
"352","CSF2RA","P15509","DLG4","ENSG00000132535"
"353","CSF3","P09919","CSF3R","ENSG00000119535"
"354","CST3","P01034","SHROOM3","ENSG00000138771"
"355","CST5","P28325",NA,NA
"356","CST6","Q15828",NA,NA
"357","CST7","O76096","MEF2C","ENSG00000081189"
"358","CSTB","P04080","CSTB","ENSG00000160213"
"359","CTF1","Q16619","AC004917.1","ENSG00000243797"
"360","CTRB1","P17538","NOTCH2","ENSG00000134250"
"361","CTRC","Q99895","CTRC","ENSG00000162438"
"362","CTSB","P07858","HLA-DQB1-AS1","ENSG00000223534"
"363","CTSC","P53634","ADH4","ENSG00000198099"
"364","CTSD","P07339","TCEA3","ENSG00000204219"
"365","CTSF","Q9UBX1","VPS25P1","ENSG00000226755"
"366","CTSH","P09668","GNPTAB","ENSG00000111670"
"367","CTSL","P07711","KNG1","ENSG00000113889"
"368","CTSO","P43234","CELSR2","ENSG00000143126"
"369","CTSS","P25774","HORMAD1","ENSG00000143452"
"370","CTSV","O60911","PAX8-AS1","ENSG00000189223"
"371","CTSZ","Q9UBR2","CTSS","ENSG00000163131"
"372","CX3CL1","P78423","ECE1","ENSG00000117298"
"373","CXADR","P78310","GPR39","ENSG00000183840"
"374","CXCL1","P09341","ACKR1","ENSG00000213088"
"375","CXCL10","P02778","CCRL2","ENSG00000121797"
"376","CXCL11","O14625","CKAP2L","ENSG00000169607"
"377","CXCL12","P48061","COLEC11","ENSG00000118004"
"378","CXCL13","O43927",NA,NA
"379","CXCL14","O95715","PLA2G2A","ENSG00000188257"
"380","CXCL16","Q9H2A7","ACOXL","ENSG00000153093"
"381","CXCL17","Q6UXB2","SFTPC","ENSG00000168484"
"382","CXCL3","P19876",NA,NA
"383","CXCL5","P42830","MEF2D","ENSG00000116604"
"384","CXCL6","P80162","ACKR1","ENSG00000213088"
"385","CXCL8","P10145","HLA-DRB9","ENSG00000196301"
"386","CXCL9","Q07325","PTPN22","ENSG00000134242"
"387","DAB2","P98082","AC004917.1","ENSG00000243797"
"388","DAG1","Q14118",NA,NA
"389","DAPP1","Q9UN19","ARHGEF3","ENSG00000163947"
"390","DARS1","P14868","DARS1","ENSG00000115866"
"391","DBI","P07108",NA,NA
"392","DBNL","Q9UJU6","ARHGEF3","ENSG00000163947"
"393","DCBLD2","Q96PD2","CELSR2","ENSG00000143126"
"394","DCN","P07585","GCKR","ENSG00000084734"
"395","DCTN1","Q14203","TRIM58","ENSG00000162722"
"396","DCTN2","Q13561","ARHGEF3","ENSG00000163947"
"397","DCTN6","O00399","SUFU","ENSG00000107882"
"398","DCTPP1","Q9H773","AL590385.2","ENSG00000273112"
"399","DCXR","Q7Z4W1","AC091114.1","ENSG00000253111"
"400","DDAH1","O94760","DDAH1","ENSG00000153904"
"401","DDC","P20711",NA,NA
"402","DDR1","Q08345","LINC02570","ENSG00000237923"
"403","DDX58","O95786","DDX58","ENSG00000107201"
"404","DECR1","Q16698","DECR1","ENSG00000104325"
"405","DEFA1_DEFA1B","P59665","CSF3R","ENSG00000119535"
"406","DEFB4A_DEFB4B","O15263",NA,NA
"407","DFFA","O00273","NMNAT1","ENSG00000173614"
"408","DIABLO","Q9NR28","ARHGEF3","ENSG00000163947"
"409","DKK1","O94907","TBC1D5","ENSG00000131374"
"410","DKK3","Q9UBP4","FCGR2B","ENSG00000072694"
"411","DKK4","Q9UBT3","PRKAG3","ENSG00000115592"
"412","DKKL1","Q9UK85","ABCA1","ENSG00000165029"
"413","DLK1","P80370","KCNAB1","ENSG00000169282"
"414","DLL1","O00548","NPHS2","ENSG00000116218"
"415","DNAJA2","O60884","AC004917.1","ENSG00000243797"
"416","DNAJB1","P25685","TRIM58","ENSG00000162722"
"417","DNAJB8","Q8NHS0","DNAJB6","ENSG00000105993"
"418","DNER","Q8NFT8","GRHL1","ENSG00000134317"
"419","DNMBP","Q6XZF7","ARHGEF3","ENSG00000163947"
"420","DNPH1","O43598","DNPH1","ENSG00000112667"
"421","DOK2","O60496","ARHGEF3","ENSG00000163947"
"422","DPEP1","P16444","AC098588.1","ENSG00000285713"
"423","DPEP2","Q9H4A9","HLA-DRB6","ENSG00000229391"
"424","DPP10","Q8N608","DPP10","ENSG00000175497"
"425","DPP4","P27487","DPP4","ENSG00000197635"
"426","DPP6","P42658","FCGR2B","ENSG00000072694"
"427","DPP7","Q9UHL4","AHSG","ENSG00000145192"
"428","DPT","Q07507","DPT","ENSG00000143196"
"429","DPY30","Q9C005","MEMO1","ENSG00000162959"
"430","DRAXIN","Q8NBI3","DRAXIN","ENSG00000162490"
"431","DRG2","P55039","ARHGEF3","ENSG00000163947"
"432","DSC2","Q02487","NPHS2","ENSG00000116218"
"433","DSG2","Q14126","NPHS2","ENSG00000116218"
"434","DSG3","P32926",NA,NA
"435","DSG4","Q86SJ6",NA,NA
"436","DTX3","Q8N9I9","CAPN2","ENSG00000162909"
"437","DUSP3","P51452","JMJD1C","ENSG00000171988"
"438","EBAG9","O00559","ARHGEF3","ENSG00000163947"
"439","EBI3_IL27","Q14213,Q8NEV9","CELSR2","ENSG00000143126"
"440","EBI3_IL27","Q8NEV9","IL27","ENSG00000197272"
"441","EBI3_IL27","Q14213","EBI3","ENSG00000105246"
"442","ECE1","P42892","ECE1","ENSG00000117298"
"443","EDA2R","Q9HAV5",NA,NA
"444","EDAR","Q9UNE0","SSBP3","ENSG00000157216"
"445","EDIL3","O43854","UMPS","ENSG00000114491"
"446","EFEMP1","Q12805","RUNX3","ENSG00000020633"
"447","EFNA1","P20827","EFNA1","ENSG00000169242"
"448","EFNA4","P52798","EFNA4","ENSG00000243364"
"449","EGF","P01133","BANK1","ENSG00000153064"
"450","EGFL7","Q9UHF1","MAN1C1","ENSG00000117643"
"451","EGFR","P00533","GCKR","ENSG00000084734"
"452","EGLN1","Q9GZT9","LINC01221","ENSG00000235492"
"453","EIF4B","P23588","ARHGEF3","ENSG00000163947"
"454","EIF4G1","Q04637","ARHGEF3","ENSG00000163947"
"455","ELOA","Q14241","ELOA-AS1","ENSG00000236810"
"456","ENAH","Q8N8S7","LINC01221","ENSG00000235492"
"457","ENG","P17813","MME","ENSG00000196549"
"458","ENO1","P06733","ENO1","ENSG00000074800"
"459","ENO2","P09104","ARHGEF3","ENSG00000163947"
"460","ENPP2","Q13822","AC147055.3","ENSG00000251074"
"461","ENPP5","Q9UJA9","SNX17","ENSG00000115234"
"462","ENPP7","Q6UWV6","ARID1A","ENSG00000117713"
"463","ENTPD2","Q9Y5L3","ABO","ENSG00000175164"
"464","ENTPD5","O75356","AHSG","ENSG00000145192"
"465","ENTPD6","O75354",NA,NA
"466","EPCAM","P16422","AC007422.2","ENSG00000235495"
"467","EPHA1","P21709",NA,NA
"468","EPHA2","P29317",NA,NA
"469","EPHB4","P54760","NPHS2","ENSG00000116218"
"470","EPHB6","O15197","NPHS2","ENSG00000116218"
"471","EPHX2","P34913","EPHX2","ENSG00000120915"
"472","EPO","P01588",NA,NA
"473","EPS8L2","Q9H6S3","HLA-DQA1","ENSG00000196735"
"474","ERBB2","P04626","MSL2","ENSG00000174579"
"475","ERBB3","P21860","GCKR","ENSG00000084734"
"476","ERBB4","Q15303","KDM4A","ENSG00000066135"
"477","ERBIN","Q96RT1","IRF1","ENSG00000125347"
"478","EREG","O14944","EREG","ENSG00000124882"
"479","ERP44","Q9BS26","GALNT2","ENSG00000143641"
"480","ESAM","Q96AP7","NPHS2","ENSG00000116218"
"481","ESM1","Q9NQ30","GCKR","ENSG00000084734"
"482","EZR","P15311","EZR","ENSG00000092820"
"483","F11R","Q9Y624","ARHGAP30","ENSG00000186517"
"484","F2R","P25116","PLCL2","ENSG00000154822"
"485","F3","P13726","SLC44A3-AS1","ENSG00000224081"
"486","F7","P08709","GCKR","ENSG00000084734"
"487","F9","P00740","GCKR","ENSG00000084734"
"488","FABP1","P07148","FABP1","ENSG00000163586"
"489","FABP2","P12104","ZRANB3","ENSG00000121988"
"490","FABP4","P15090","PPARG","ENSG00000132170"
"491","FABP5","Q01469","FABP5","ENSG00000164687"
"492","FABP6","P51161","FABP6","ENSG00000170231"
"493","FABP9","Q0Z7S8",NA,NA
"494","FADD","Q13158","AC004917.1","ENSG00000243797"
"495","FAM3B","P58499",NA,NA
"496","FAM3C","Q92520","AC074085.2","ENSG00000234985"
"497","FAP","Q12884","LEPR","ENSG00000116678"
"498","FAS","P25445",NA,NA
"499","FASLG","P48023",NA,NA
"500","FBP1","P09467","PCAT7","ENSG00000231806"
"501","FCAR","P24071","RUNX3","ENSG00000020633"
"502","FCER2","P06734","LINC01185","ENSG00000228414"
"503","FCGR2A","P12318","FCGR2A","ENSG00000143226"
"504","FCGR2B","P31994","FCGR2A","ENSG00000143226"
"505","FCGR3B","O75015","CCT3","ENSG00000163468"
"506","FCN2","Q15485","MASP2","ENSG00000009724"
"507","FCRL1","Q96LA6","FCRL1","ENSG00000163534"
"508","FCRL2","Q96LA5","RUNX3","ENSG00000020633"
"509","FCRL3","Q96P31","FCRL3","ENSG00000160856"
"510","FCRL5","Q96RD9","RUNX3","ENSG00000020633"
"511","FCRL6","Q6DN72","FCRL6","ENSG00000181036"
"512","FCRLB","Q6BAA4","RUNX3","ENSG00000020633"
"513","FEN1","P39748","NLRP12","ENSG00000142405"
"514","FES","P07332","FES","ENSG00000182511"
"515","FETUB","Q9UGM5","DHRS9","ENSG00000073737"
"516","FGF19","O95750","LIAS","ENSG00000121897"
"517","FGF2","P09038","LINC01221","ENSG00000235492"
"518","FGF21","Q9NSA1","GCKR","ENSG00000084734"
"519","FGF23","Q9GZV9","SLC40A1","ENSG00000138449"
"520","FGF5","P12034",NA,NA
"521","FGFBP1","Q14512","CELSR2","ENSG00000143126"
"522","FGFR2","P21802",NA,NA
"523","FGR","P09769","FGR","ENSG00000000938"
"524","FHIT","P49789","ARHGEF3","ENSG00000163947"
"525","FIS1","Q9Y3D6","ARHGEF3","ENSG00000163947"
"526","FKBP1B","P68106","WDCP","ENSG00000163026"
"527","FKBP4","Q02790","ARHGEF3","ENSG00000163947"
"528","FKBP5","Q13451","ARHGEF3","ENSG00000163947"
"529","FKBP7","Q9Y680","FKBP7","ENSG00000079150"
"530","FLI1","Q01543","ARHGEF3","ENSG00000163947"
"531","FLRT2","O43155","ADGRL2","ENSG00000117114"
"532","FLT1","P17948","IQCJ-SCHIP1","ENSG00000283154"
"533","FLT3","P36888","TERT","ENSG00000164362"
"534","FLT3LG","P49771","SPRED2","ENSG00000198369"
"535","FLT4","P35916","ADGRL4","ENSG00000162618"
"536","FOLR1","P15328","THBS3","ENSG00000169231"
"537","FOLR2","P14207","CSF1","ENSG00000184371"
"538","FOLR3","P41439","CSF1","ENSG00000184371"
"539","FOXO1","Q12778","AC004917.1","ENSG00000243797"
"540","FOXO3","O43524","HLA-DQA1","ENSG00000196735"
"541","FRZB","Q92765","FRZB","ENSG00000162998"
"542","FST","P19883","GCKR","ENSG00000084734"
"543","FSTL3","O95633","PDILT","ENSG00000169340"
"544","FUCA1","P04066","FUCA1","ENSG00000179163"
"545","FURIN","P09958","GCKR","ENSG00000084734"
"546","FUS","P35637","ARHGEF3","ENSG00000163947"
"547","FUT3_FUT5","P21217,Q11128","ADH4","ENSG00000198099"
"548","FUT8","Q9BYC5","TBC1D5","ENSG00000131374"
"549","FXN","Q16595","ARHGEF3","ENSG00000163947"
"550","FXYD5","Q96DB9","ARHGEF3","ENSG00000163947"
"551","FYB1","O15117","ARHGEF3","ENSG00000163947"
"552","GAL","P22466",NA,NA
"553","GALNT10","Q86SR1",NA,"ENSG00000228541"
"554","GALNT2","Q10471","GALNT2","ENSG00000143641"
"555","GALNT3","Q14435","TTC21B","ENSG00000123607"
"556","GALNT7","Q86SF2","SLC39A8","ENSG00000138821"
"557","GAS6","Q14393","IAH1","ENSG00000134330"
"558","GBP2","P32456",NA,NA
"559","GBP4","Q96PP9","GBP4","ENSG00000162654"
"560","GCG","P01275","GCKR","ENSG00000084734"
"561","GCNT1","Q02742","ACOXL","ENSG00000153093"
"562","GDF15","Q99988","GDF15","ENSG00000130513"
"563","GDF2","Q9UK05","BMP10","ENSG00000163217"
"564","GDNF","P39905","GDNF","ENSG00000168621"
"565","GFAP","P14136",NA,NA
"566","GFER","P55789","TBL3","ENSG00000183751"
"567","GFRA1","P56159","ORM1","ENSG00000229314"
"568","GFRA2","O00451","SLC39A8","ENSG00000138821"
"569","GFRA3","O60609","FGGY","ENSG00000172456"
"570","GGH","Q92820","ARID1A","ENSG00000117713"
"571","GGT1","P19440",NA,NA
"572","GGT5","P36269","ST3GAL4","ENSG00000110080"
"573","GHRL","Q9UBU3",NA,NA
"574","GKN1","Q9NS71","MTX1","ENSG00000173171"
"575","GLB1","P16278","ARID1A","ENSG00000117713"
"576","GLO1","Q04760","GLO1","ENSG00000124767"
"577","GLOD4","Q9HC38","ARHGEF3","ENSG00000163947"
"578","GLRX","P35754","RHOBTB3","ENSG00000164292"
"579","GLT8D2","Q9H1C3","GLT8D2","ENSG00000120820"
"580","GMPR","P36959","GMPR","ENSG00000137198"
"581","GNE","Q9Y223","ARHGEF3","ENSG00000163947"
"582","GNLY","P22749","CLIC4","ENSG00000169504"
"583","GOLM2","Q6P4E1","LINC01221","ENSG00000235492"
"584","GOPC","Q9HD26","ARHGEF3","ENSG00000163947"
"585","GP1BA","P07359","TENT5C","ENSG00000183508"
"586","GP2","P55259","FUT9","ENSG00000172461"
"587","GP6","Q9HCN6","ARHGEF3","ENSG00000163947"
"588","GPA33","Q99795","GPA33","ENSG00000143167"
"589","GPC1","P35052","MTF2","ENSG00000143033"
"590","GPC5","P78333","LINC01221","ENSG00000235492"
"591","GPNMB","Q14956","SNX17","ENSG00000115234"
"592","GPR37","O15354","GCKR","ENSG00000084734"
"593","GRAP2","O75791","ARHGEF3","ENSG00000163947"
"594","GRK5","P34947","GRK5","ENSG00000198873"
"595","GRN","P28799","CELSR2","ENSG00000143126"
"596","GRPEL1","Q9HAV7",NA,NA
"597","GSAP","A4D1B5","PYROXD2","ENSG00000119943"
"598","GSTA1","P08263",NA,NA
"599","GSTA3","Q16772","GSTA1","ENSG00000243955"
"600","GSTP1","P09211","GSTP1","ENSG00000084207"
"601","GUCA2A","Q02747","GUCA2A","ENSG00000197273"
"602","GUSB","P08236","USP34","ENSG00000115464"
"603","GYS1","P13807","AC004917.1","ENSG00000243797"
"604","GZMA","P12544","CKAP2L","ENSG00000169607"
"605","GZMB","P10144",NA,"ENSG00000287356"
"606","GZMH","P20718",NA,NA
"607","HAGH","Q16775","HAGH","ENSG00000063854"
"608","HAO1","Q9UJM8",NA,NA
"609","HARS1","P12081","ARHGEF3","ENSG00000163947"
"610","HAVCR1","Q96D42","EBNA1BP2","ENSG00000117395"
"611","HAVCR2","Q8TDQ0","NPHS2","ENSG00000116218"
"612","HBEGF","Q99075","TRIM58","ENSG00000162722"
"613","HBQ1","P09105","HBS1L","ENSG00000112339"
"614","HCLS1","P14317","ARHGEF3","ENSG00000163947"
"615","HDGF","P51858","MRPL24","ENSG00000143314"
"616","HEBP1","Q9NRV9","HEBP1","ENSG00000013583"
"617","HEXIM1","O94992","ARHGEF3","ENSG00000163947"
"618","HGF","P14210","HGFAC","ENSG00000109758"
"619","HGS","O14964","TRIM58","ENSG00000162722"
"620","HLA-DRA","P01903","HLA-DRB1","ENSG00000196126"
"621","HLA-E","P13747","ERAP2","ENSG00000164308"
"622","HMBS","P08397","VPS11","ENSG00000160695"
"623","HMOX1","P09601","DOCK7","ENSG00000116641"
"624","HMOX2","P30519","ZNF827","ENSG00000151612"
"625","HNMT","P50135","HNMT","ENSG00000150540"
"626","HNRNPK","P61978","ZFPM2","ENSG00000169946"
"627","HPCAL1","P37235","HPCAL1","ENSG00000115756"
"628","HPGDS","O60760","CFH","ENSG00000000971"
"629","HS3ST3B1","Q9Y662","CELSR2","ENSG00000143126"
"630","HS6ST1","O60243","CELSR2","ENSG00000143126"
"631","HSD11B1","P28845","EDEM3","ENSG00000116406"
"632","HSPA1A","P0DMV8",NA,NA
"633","HSPB1","P04792","ARHGEF3","ENSG00000163947"
"634","HSPB6","O14558","TTN","ENSG00000155657"
"635","HSPG2","P98160","LDLRAD2","ENSG00000187942"
"636","HTRA2","O43464","ZFPM2","ENSG00000169946"
"637","HYAL1","Q12794","QSOX1","ENSG00000116260"
"638","HYOU1","Q9Y4L1","RPL21P24","ENSG00000229554"
"639","ICA1","Q05084","ARHGEF3","ENSG00000163947"
"640","ICAM1","P05362","ABO","ENSG00000175164"
"641","ICAM2","P13598","ST3GAL3","ENSG00000126091"
"642","ICAM3","P32942","RUNX3","ENSG00000020633"
"643","ICAM4","Q14773","RHD","ENSG00000187010"
"644","ICAM5","Q9UMF0","ST6GAL1","ENSG00000073849"
"645","ICOSLG","O75144","CPN1","ENSG00000120054"
"646","IDI2","Q9BXS1","IDI2","ENSG00000148377"
"647","IDS","P22304","ABO","ENSG00000175164"
"648","IDUA","P35475","SEC16B","ENSG00000120341"
"649","IFNG","P01579","IL12A-AS1","ENSG00000244040"
"650","IFNGR1","P15260","NPHS2","ENSG00000116218"
"651","IFNGR2","P38484","CELSR2","ENSG00000143126"
"652","IFNL1","Q8IU54","IFIH1","ENSG00000115267"
"653","IFNLR1","Q8IU57","IFNLR1","ENSG00000185436"
"654","IGF1R","P08069","HLA-DRB9","ENSG00000196301"
"655","IGF2R","P11717","TMEM87B","ENSG00000153214"
"656","IGFBP1","P08833","CELSR2","ENSG00000143126"
"657","IGFBP2","P18065","GCKR","ENSG00000084734"
"658","IGFBP3","P17936","SORCS2","ENSG00000184985"
"659","IGFBP4","P22692","SHROOM3","ENSG00000138771"
"660","IGFBP6","P24592","SHROOM3","ENSG00000138771"
"661","IGFBP7","Q16270","IGFBP7","ENSG00000163453"
"662","IGFBPL1","Q8WX77","GCKR","ENSG00000084734"
"663","IGSF3","O75054","IGSF3","ENSG00000143061"
"664","IGSF8","Q969P0","IGSF8","ENSG00000162729"
"665","IKBKG","Q9Y6K9","ARHGEF3","ENSG00000163947"
"666","IKZF2","Q9UKS7",NA,NA
"667","IL10","P22301","PTPN22","ENSG00000134242"
"668","IL10RA","Q13651","IL10RA","ENSG00000110324"
"669","IL10RB","Q08334","RPL21P24","ENSG00000229554"
"670","IL11","P20809","RUNX3","ENSG00000020633"
"671","IL12A_IL12B","P29459,P29460","SERTAD2","ENSG00000179833"
"672","IL12A_IL12B","P29460","AC008691.1","ENSG00000249738"
"673","IL12B","P29460","GFI1","ENSG00000162676"
"674","IL12RB1","P42701","HLA-C","ENSG00000204525"
"675","IL13","P35225","ADAM6","ENSG00000271968"
"676","IL13RA1","P78552","FOLR3","ENSG00000110203"
"677","IL15","P40933","JAK1","ENSG00000162434"
"678","IL15RA","Q13261","ERAP2","ENSG00000164308"
"679","IL16","Q14005","NINJ1","ENSG00000131669"
"680","IL17C","Q9P0M4","IL17RE","ENSG00000163701"
"681","IL17D","Q8TAD2","IFT88","ENSG00000032742"
"682","IL17F","Q96PD4","IL17F","ENSG00000112116"
"683","IL17RA","Q96F46","ST3GAL4","ENSG00000110080"
"684","IL17RB","Q9NRM6","GCKR","ENSG00000084734"
"685","IL18","Q14116","NLRC4","ENSG00000091106"
"686","IL18BP","O95998","NPHS2","ENSG00000116218"
"687","IL18R1","Q13478","FCRLA","ENSG00000132185"
"688","IL18RAP","O95256",NA,NA
"689","IL19","Q9UHD0","IL19","ENSG00000142224"
"690","IL1A","P01583",NA,NA
"691","IL1B","P01584","ZFPM2","ENSG00000169946"
"692","IL1R1","P14778","MTARC1","ENSG00000286231"
"693","IL1R2","P27930",NA,NA
"694","IL1RAP","Q9NPH3","IL1RAP","ENSG00000196083"
"695","IL1RL1","Q01638","SNORA70B","ENSG00000206937"
"696","IL1RL2","Q9HB29","GALNT2","ENSG00000143641"
"697","IL1RN","P18510","IL1RN","ENSG00000136689"
"698","IL20RA","Q9UHF4","IL20RA","ENSG00000016402"
"699","IL22RA1","Q8N6P7","IL22RA1","ENSG00000142677"
"700","IL2RA","P01589","NPHS2","ENSG00000116218"
"701","IL32","P24001","HLA-DQA1","ENSG00000196735"
"702","IL33","O95760",NA,NA
"703","IL34","Q6ZMJ4","IL34","ENSG00000157368"
"704","IL3RA","P26951",NA,NA
"705","IL4R","P24394",NA,NA
"706","IL5RA","Q01344","RUNX3","ENSG00000020633"
"707","IL6","P05231","IL1RN","ENSG00000136689"
"708","IL6R","P08887","IL6R","ENSG00000160712"
"709","IL6ST","P40189","ST3GAL3","ENSG00000126091"
"710","IL7","P13232","PDIA5","ENSG00000065485"
"711","IL7R","P16871","ARID1A","ENSG00000117713"
"712","ILKAP","Q9H0C8","ZFPM2","ENSG00000169946"
"713","IMPA1","P29218","AC004917.1","ENSG00000243797"
"714","ING1","Q9UK53","ZFPM2","ENSG00000169946"
"715","INHBC","P55103",NA,NA
"716","INPP1","P49441","HIBCH","ENSG00000198130"
"717","IPCEF1","Q8WWN9","ARHGEF3","ENSG00000163947"
"718","IQGAP2","Q13576","IQGAP2","ENSG00000145703"
"719","IRAG2","Q12912","HABP2","ENSG00000148702"
"720","IRAK1","P51617","ARHGEF3","ENSG00000163947"
"721","IRAK4","Q9NWZ3","NRBF2","ENSG00000148572"
"722","ISLR2","Q6UXK2",NA,NA
"723","ISM1","B1AKI9","FCGR2B","ENSG00000072694"
"724","ITGA11","Q9UKX5","GCKR","ENSG00000084734"
"725","ITGA5","P08648","FCGR2B","ENSG00000072694"
"726","ITGA6","P23229","ITGA6","ENSG00000091409"
"727","ITGAM","P11215","MGAT5","ENSG00000152127"
"728","ITGAV","P06756","AL590385.2","ENSG00000273112"
"729","ITGB1","P05556","EVI5","ENSG00000067208"
"730","ITGB1BP2","Q9UKP3","SLC22A5","ENSG00000197375"
"731","ITGB2","P05107","FCRLA","ENSG00000132185"
"732","ITGB5","P18084","FAM171B","ENSG00000144369"
"733","ITGB6","P18564","ITGB6","ENSG00000115221"
"734","ITGB7","P26010","ST3GAL3","ENSG00000126091"
"735","ITIH3","Q06033","GCKR","ENSG00000084734"
"736","ITM2A","O43736","HLA-C","ENSG00000204525"
"737","JAM2","P57087","TRIM58","ENSG00000162722"
"738","JCHAIN","P01591","RUNX3","ENSG00000020633"
"739","KAZALD1","Q96I82","NT5DC2","ENSG00000168268"
"740","KDR","P35968",NA,"ENSG00000228541"
"741","KEL","P23276","RHCE","ENSG00000188672"
"742","KIFBP","Q96EK5","ARHGEF3","ENSG00000163947"
"743","KIR2DL3","P43628","HLA-C","ENSG00000204525"
"744","KIR3DL1","P43629","HLA-A","ENSG00000206503"
"745","KIRREL2","Q6UWL6","RREB1","ENSG00000124782"
"746","KIT","P10721","RPAP2","ENSG00000122484"
"747","KITLG","P21583","GALNT2","ENSG00000143641"
"748","KLB","Q86Z14","ARID1A","ENSG00000117713"
"749","KLK1","P06870","TBC1D3P6","ENSG00000224966"
"750","KLK10","O43240","HSD3BP3","ENSG00000249798"
"751","KLK11","Q9UBX7","GAL3ST2","ENSG00000154252"
"752","KLK12","Q9UKR0","GMDS","ENSG00000112699"
"753","KLK13","Q9UKR3","PPP1R2P5","ENSG00000229360"
"754","KLK14","Q9P0G3","FLG","ENSG00000143631"
"755","KLK4","Q9Y5K2",NA,NA
"756","KLK6","Q92876","UMOD","ENSG00000169344"
"757","KLK8","O60259","FLG","ENSG00000143631"
"758","KLRB1","Q12918","EXO1","ENSG00000174371"
"759","KLRD1","Q13241","ACOXL","ENSG00000153093"
"760","KRT18","P05783","LINC02068","ENSG00000223387"
"761","KRT19","P08727",NA,NA
"762","KRT5","P13647","MCL1","ENSG00000143384"
"763","KYAT1","Q16773","THAP3","ENSG00000041988"
"764","KYNU","Q16719","KYNU","ENSG00000115919"
"765","L1CAM","P32004","ST3GAL3","ENSG00000126091"
"766","LACTB2","Q53H82","ARHGEF3","ENSG00000163947"
"767","LAG3","P18627","CELSR2","ENSG00000143126"
"768","LAIR1","Q6GTX8","CSF1","ENSG00000184371"
"769","LAIR2","Q6ISS4","SETD2","ENSG00000181555"
"770","LAMA4","Q16363","LAMC1","ENSG00000135862"
"771","LAMP2","P13473","ADAR","ENSG00000160710"
"772","LAMP3","Q9UQV4","MCCC1","ENSG00000078070"
"773","LAT","O43561","SERPINE2","ENSG00000135919"
"774","LAT2","Q9GZY6","ARHGEF3","ENSG00000163947"
"775","LAYN","Q6UX15","NPHS2","ENSG00000116218"
"776","LBP","P18428","ABCA8","ENSG00000141338"
"777","LBR","Q14739","ARHGEF3","ENSG00000163947"
"778","LCN2","P80188","CSF3R","ENSG00000119535"
"779","LDLR","P01130","DOCK7","ENSG00000116641"
"780","LEFTY2","O00292","LEFTY1","ENSG00000243709"
"781","LEP","P41159","FTO","ENSG00000140718"
"782","LEPR","P48357","LEPR","ENSG00000116678"
"783","LGALS1","P09382","NLRP12","ENSG00000142405"
"784","LGALS3","P17931",NA,"ENSG00000232361"
"785","LGALS4","P56470","AC015687.1","ENSG00000285579"
"786","LGALS7_LGALS7B","P47929","FLG","ENSG00000143631"
"787","LGALS8","O00214","HEATR1","ENSG00000119285"
"788","LGALS9","O00182","SH2B3","ENSG00000111252"
"789","LGMN","Q99538","SLC41A1","ENSG00000133065"
"790","LHB","P01229","FAM30A","ENSG00000226777"
"791","LHPP","Q9H008","LHPP","ENSG00000107902"
"792","LIFR","P42702",NA,NA
"793","LILRA2","Q8N149","FCER1G","ENSG00000158869"
"794","LILRA5","A6NI73",NA,"ENSG00000288880"
"795","LILRB1","Q8NHL6","MGAT5","ENSG00000152127"
"796","LILRB2","Q8N423","CFH","ENSG00000000971"
"797","LILRB4","Q8NHJ6","HLA-DRB1","ENSG00000196126"
"798","LILRB5","O75023",NA,NA
"799","LPCAT2","Q7L5N7","LPCAT2","ENSG00000087253"
"800","LPL","P06858","GCKR","ENSG00000084734"
"801","LPO","P22079",NA,NA
"802","LRIG1","Q96JA1","GALNT2","ENSG00000143641"
"803","LRP1","Q07954","STAB1","ENSG00000010327"
"804","LRP11","Q86VZ4","NPHS2","ENSG00000116218"
"805","LRPAP1","P30533","LRPAP1","ENSG00000163956"
"806","LRRC25","Q8N386","GCKR","ENSG00000084734"
"807","LRRN1","Q6UXK5","SUMF1","ENSG00000144455"
"808","LSP1","P33241","LSP1","ENSG00000130592"
"809","LTA","P01374","ACOXL","ENSG00000153093"
"810","LTA4H","P09960","LTA4H","ENSG00000111144"
"811","LTBP2","Q14767","ATP13A2","ENSG00000159363"
"812","LTBP3","Q9NS15","ASB3","ENSG00000115239"
"813","LTBR","P36941","NPHS2","ENSG00000116218"
"814","LXN","Q9BS40",NA,NA
"815","LY6D","Q14210","FLG","ENSG00000143631"
"816","LY75","O60449","LY75","ENSG00000054219"
"817","LY9","Q9HBG7","RUNX3","ENSG00000020633"
"818","LY96","Q9Y6Y9","RUNX3","ENSG00000020633"
"819","LYAR","Q9NX58","LYAR","ENSG00000145220"
"820","LYN","P07948","ARHGEF3","ENSG00000163947"
"821","LYPD3","O95274","GCKR","ENSG00000084734"
"822","LYPD8","Q6UX82","KIF17","ENSG00000117245"
"823","MAD1L1","Q9Y6D9","MAD1L1","ENSG00000002822"
"824","MAGED1","Q9Y5V3","ARHGEF3","ENSG00000163947"
"825","MANF","P55145",NA,NA
"826","MANSC1","Q9H8J5","CSF3R","ENSG00000119535"
"827","MAP2K6","P52564","AC004917.1","ENSG00000243797"
"828","MAP3K5","Q99683","ARHGEF3","ENSG00000163947"
"829","MAP4K5","Q9Y4K4","TRIM58","ENSG00000162722"
"830","MAPK9","P45984","GFPT2","ENSG00000131459"
"831","MARCO","Q9UEW3","CELSR2","ENSG00000143126"
"832","MASP1","P48740","MASP2","ENSG00000009724"
"833","MATN2","O00339","TGFBI","ENSG00000120708"
"834","MATN3","O15232","MATN3","ENSG00000132031"
"835","MAVS","Q7Z434","ARHGEF3","ENSG00000163947"
"836","MAX","P61244","IRF1","ENSG00000125347"
"837","MB","P02144","TTN","ENSG00000155657"
"838","MCAM","P43121","GCKR","ENSG00000084734"
"839","MCFD2","Q8NI22","MCFD2","ENSG00000180398"
"840","MDGA1","Q8NFP4","MDGA1","ENSG00000112139"
"841","MDK","P21741","LINC01221","ENSG00000235492"
"842","MED18","Q9BUE0","REEP3","ENSG00000165476"
"843","MEGF10","Q96KG7","CAND2","ENSG00000144712"
"844","MEGF9","Q9H1U4","CELSR2","ENSG00000143126"
"845","MEP1B","Q16820","ZDHHC18","ENSG00000204160"
"846","MEPE","Q9NQ76","GFI1","ENSG00000162676"
"847","MERTK","Q12866","GALNT2","ENSG00000143641"
"848","MESD","Q14696","ARHGEF3","ENSG00000163947"
"849","MET","P08581","PABPC4","ENSG00000090621"
"850","METAP1D","Q6UB28","METAP1D","ENSG00000172878"
"851","METAP2","P50579","ARHGEF3","ENSG00000163947"
"852","MFAP5","Q13361","FNDC3B","ENSG00000075420"
"853","MFGE8","Q08431","DOCK7","ENSG00000116641"
"854","MGLL","Q99685","MGLL","ENSG00000074416"
"855","MGMT","P16455","ARHGEF3","ENSG00000163947"
"856","MIA","Q16674","AC091212.1","ENSG00000239462"
"857","MICB_MICA","Q29980,Q29983","ACOXL","ENSG00000153093"
"858","MIF","P14174","ARHGEF3","ENSG00000163947"
"859","MILR1","Q7Z6M3","ST3GAL3","ENSG00000126091"
"860","MITD1","Q8WV92","MRPL30","ENSG00000185414"
"861","MLN","P12872","PRDM16","ENSG00000142611"
"862","MME","P08473",NA,NA
"863","MMP1","P03956",NA,"ENSG00000288835"
"864","MMP10","P09238","HLA-DRB6","ENSG00000229391"
"865","MMP12","P39900","HLA-B","ENSG00000234745"
"866","MMP13","P45452","MMP13","ENSG00000137745"
"867","MMP3","P08254","MSR1","ENSG00000038945"
"868","MMP7","P09237",NA,"ENSG00000235811"
"869","MMP8","P22894","MADD","ENSG00000110514"
"870","MMP9","P14780","AL139161.2","ENSG00000237845"
"871","MNDA","P41218","MED24","ENSG00000008838"
"872","MOG","Q16653","MOG","ENSG00000204655"
"873","MPHOSPH8","Q99549","ARHGEF3","ENSG00000163947"
"874","MPI","P34949","ARHGEF3","ENSG00000163947"
"875","MPIG6B","O95866","CD36","ENSG00000135218"
"876","MPO","P05164","ABCB10","ENSG00000135776"
"877","MSLN","Q13421","DTNB","ENSG00000138101"
"878","MSMB","P08118","ITIH4","ENSG00000055955"
"879","MSR1","P21757","CTSS","ENSG00000163131"
"880","MSRA","Q9UJ68","ARHGEF3","ENSG00000163947"
"881","MSTN","O14793",NA,NA
"882","MUC13","Q9H3R2","MUC13","ENSG00000173702"
"883","MUC16","Q8WXI7","GAL3ST2","ENSG00000154252"
"884","MVK","Q03426","MVK","ENSG00000110921"
"885","MYO9B","Q13459","MYO9B","ENSG00000099331"
"886","MYOC","Q99972","MYOC","ENSG00000034971"
"887","MZB1","Q8WU39","ARF4","ENSG00000168374"
"888","MZT1","Q08AG7","ARHGEF3","ENSG00000163947"
"889","NAAA","Q02083",NA,NA
"890","NADK","O95544","NADK","ENSG00000008130"
"891","NBL1","P41271","NBL1","ENSG00000158747"
"892","NBN","O60934","ARHGEF3","ENSG00000163947"
"893","NCAM1","P13591","CSF1","ENSG00000184371"
"894","NCAM2","O15394",NA,"ENSG00000248538"
"895","NCAN","O14594",NA,NA
"896","NCF2","P19878","NCF2","ENSG00000116701"
"897","NCK2","O43639","COPZ1","ENSG00000111481"
"898","NCLN","Q969V3","TSBP1","ENSG00000204296"
"899","NCR1","O76036","ZBTB7B","ENSG00000160685"
"900","NCS1","P62166","DHRS9","ENSG00000073737"
"901","NECTIN2","Q92692","NPHS2","ENSG00000116218"
"902","NECTIN4","Q96NY8","NECTIN4","ENSG00000143217"
"903","NEFL","P07196","SH3TC2","ENSG00000169247"
"904","NELL1","Q92832",NA,"ENSG00000271355"
"905","NELL2","Q99435","LTF","ENSG00000012223"
"906","NFASC","O94856","NFASC","ENSG00000163531"
"907","NFATC1","O95644","AC004917.1","ENSG00000243797"
"908","NFATC3","Q12968",NA,NA
"909","NFKBIE","O00221","ARHGEF3","ENSG00000163947"
"910","NID1","P14543","PEAR1","ENSG00000187800"
"911","NID2","Q14112","SERPINE2","ENSG00000135919"
"912","NINJ1","Q92982","HLA-DQB1","ENSG00000179344"
"913","NME3","Q13232","RUNX3","ENSG00000020633"
"914","NMNAT1","Q9HAN9","TMEM274P","ENSG00000283611"
"915","NOMO1","Q15155","MGAT1","ENSG00000131446"
"916","NOS1","P29475","ANO5","ENSG00000171714"
"917","NOS3","P29474","ST3GAL5","ENSG00000115525"
"918","NOTCH1","P46531","GCKR","ENSG00000084734"
"919","NOTCH3","Q9UM47","AL590385.2","ENSG00000273112"
"920","NPDC1","Q9NQX5","SHROOM3","ENSG00000138771"
"921","NPPB","P16860","NPPB","ENSG00000120937"
"922","NPPC","P23582","FSHR","ENSG00000170820"
"923","NPTX1","Q15818","FAAP20","ENSG00000162585"
"924","NPTXR","O95502","HLA-DQA1","ENSG00000196735"
"925","NPY","P01303","DOCK7","ENSG00000116641"
"926","NRCAM","Q92823","Y_RNA","ENSG00000199595"
"927","NRP1","O14786","DOCK7","ENSG00000116641"
"928","NRP2","O60462",NA,"ENSG00000228541"
"929","NRTN","Q99748",NA,NA
"930","NSFL1C","Q9UNZ2","ARHGEF3","ENSG00000163947"
"931","NT5C3A","Q9H0P0","ARHGEF3","ENSG00000163947"
"932","NT5E","P21589",NA,NA
"933","NTF3","P20783","COLEC11","ENSG00000118004"
"934","NTF4","P34130","LINC00393","ENSG00000224853"
"935","NTproBNP","P16860","NPPB","ENSG00000120937"
"936","NTRK2","Q16620","SNX17","ENSG00000115234"
"937","NTRK3","Q16288","EVI5","ENSG00000067208"
"938","NUB1","Q9Y5A7","ARHGEF3","ENSG00000163947"
"939","NUCB2","P80303","HLA-C","ENSG00000204525"
"940","NUDC","Q9Y266","ARHGEF3","ENSG00000163947"
"941","NUDT2","P50583","ARHGEF3","ENSG00000163947"
"942","NUDT5","Q9UKK9","ARHGEF3","ENSG00000163947"
"943","OBP2B","Q9NPH6","MIR34AHG","ENSG00000228526"
"944","ODAM","A1E959","ODAM","ENSG00000109205"
"945","OGFR","Q9NZT2","ZFPM2","ENSG00000169946"
"946","OGN","P20774","SHROOM3","ENSG00000138771"
"947","OLR1","P78380","LTF","ENSG00000012223"
"948","OMD","Q99983","STAB1","ENSG00000010327"
"949","OMG","P23515","C5orf63","ENSG00000164241"
"950","OPTC","Q9UBM4","OPTC","ENSG00000188770"
"951","OSCAR","Q8IYS5","MARCO","ENSG00000019169"
"952","OSM","P13725","LINC02580","ENSG00000230587"
"953","OSMR","Q99650","IL6R","ENSG00000160712"
"954","OXT","P01178","GREB1","ENSG00000196208"
"955","P4HB","P07237","FN1","ENSG00000115414"
"956","PADI2","Q9Y2J8","PADI2","ENSG00000117115"
"957","PADI4","Q9UM07","PADI4","ENSG00000159339"
"958","PAEP","P09466","SFTPB","ENSG00000168878"
"959","PAG1","Q9NWQ8","ARHGEF3","ENSG00000163947"
"960","PAK4","O96013","ARHGEF3","ENSG00000163947"
"961","PAM","P19021","PAM","ENSG00000145730"
"962","PAMR1","Q6UXH9","GCKR","ENSG00000084734"
"963","PAPPA","Q13219","USP34","ENSG00000115464"
"964","PARK7","Q99497","PARK7","ENSG00000116288"
"965","PARP1","P09874",NA,NA
"966","PBLD","P30039","PBLD","ENSG00000108187"
"967","PCDH1","Q08174","PCDH1","ENSG00000156453"
"968","PCDH17","O14917",NA,NA
"969","PCOLCE","Q15113","TFR2","ENSG00000106327"
"970","PCSK9","Q8NBP7","PCSK9","ENSG00000169174"
"971","PDCD1","Q15116","ST3GAL3","ENSG00000126091"
"972","PDCD1LG2","Q9BQ51","ST3GAL3","ENSG00000126091"
"973","PDCD5","O14737","ARHGEF3","ENSG00000163947"
"974","PDCD6","O75340","C8A","ENSG00000157131"
"975","PDGFA","P04085","PEAR1","ENSG00000187800"
"976","PDGFB","P01127","PEAR1","ENSG00000187800"
"977","PDGFC","Q9NRA1",NA,NA
"978","PDGFRA","P16234","AL590385.2","ENSG00000273112"
"979","PDGFRB","P09619","PDGFRB","ENSG00000113721"
"980","PDLIM7","Q9NR12","ARHGEF3","ENSG00000163947"
"981","PEAR1","Q5VY43","PEAR1","ENSG00000187800"
"982","PEBP1","P30086","ARHGEF3","ENSG00000163947"
"983","PECAM1","P16284","ARHGEF3","ENSG00000163947"
"984","PFKFB2","O60825","PFKFB2","ENSG00000123836"
"985","PGF","P49763","FLT1","ENSG00000102755"
"986","PGLYRP1","O75594","CSF3R","ENSG00000119535"
"987","PHOSPHO1","Q8TCT1","AC009084.1","ENSG00000265408"
"988","PI3","P19957",NA,NA
"989","PIGR","P01833","PIGR","ENSG00000162896"
"990","PIK3AP1","Q6ZUJ8","TRIM58","ENSG00000162722"
"991","PIK3IP1","Q96FE7","SHROOM3","ENSG00000138771"
"992","PILRA","Q9UKJ1","NPHS2","ENSG00000116218"
"993","PILRB","Q9UKJ0",NA,NA
"994","PKLR","P30613","ASH1L","ENSG00000116539"
"995","PLA2G10","O15496","AC103923.1","ENSG00000235545"
"996","PLA2G15","Q8NCC3","HLA-DQA1","ENSG00000196735"
"997","PLA2G1B","P04054","FAF1","ENSG00000185104"
"998","PLA2G2A","P14555","PLA2G2A","ENSG00000188257"
"999","PLA2G4A","P47712","PLA2G4A","ENSG00000116711"
"1000","PLA2G7","Q13093","PCSK9","ENSG00000169174"
"1001","PLAT","P00750","STXBP5","ENSG00000164506"
"1002","PLAU","P00749",NA,"ENSG00000228541"
"1003","PLAUR","Q03405","LY75","ENSG00000054219"
"1004","PLIN1","O60240","PLIN1","ENSG00000166819"
"1005","PLIN3","O60664","ZFPM2","ENSG00000169946"
"1006","PLPBP","O94903","ARHGEF3","ENSG00000163947"
"1007","PLTP","P55058","WWP1P1","ENSG00000244153"
"1008","PLXDC1","Q8IUK5","KLKB1","ENSG00000164344"
"1009","PLXNA4","Q9HCM2","ARHGEF3","ENSG00000163947"
"1010","PLXNB2","O15031","FCRLA","ENSG00000132185"
"1011","PLXNB3","Q9ULL4","HBS1L","ENSG00000112339"
"1012","PM20D1","Q6GTS8","MTX1","ENSG00000173171"
"1013","PMVK","Q15126","PMVK","ENSG00000163344"
"1014","PNLIPRP2","P54317","FUT9","ENSG00000172461"
"1015","PNPT1","Q8TCS8","MICA","ENSG00000204520"
"1016","PODXL","O00592","C1GALT1","ENSG00000106392"
"1017","PODXL2","Q9NZ53","ZMYM6","ENSG00000163867"
"1018","POLR2F","P61218","ATXN2","ENSG00000204842"
"1019","PON2","Q15165","BX248415.1","ENSG00000285986"
"1020","PON3","Q15166","CFH","ENSG00000000971"
"1021","PPCDC","Q96CD2","ARHGEF3","ENSG00000163947"
"1022","PPIB","P23284","ARHGEF3","ENSG00000163947"
"1023","PPME1","Q9Y570","BET1L","ENSG00000177951"
"1024","PPP1R12A","O14974","SERPINE2","ENSG00000135919"
"1025","PPP1R2","P41236","ARHGEF3","ENSG00000163947"
"1026","PPP1R9B","Q96SB3","ARHGEF3","ENSG00000163947"
"1027","PPP3R1","P63098","RUNX3","ENSG00000020633"
"1028","PPY","P01298","NOTCH2","ENSG00000134250"
"1029","PRCP","P42785","RGL1","ENSG00000143344"
"1030","PRDX1","Q06830","PRDX1","ENSG00000117450"
"1031","PRDX3","P30048",NA,NA
"1032","PRDX5","P30044","REEP3","ENSG00000165476"
"1033","PRDX6","P30041","PRDX6-AS1","ENSG00000203739"
"1034","PRELP","P51888","PRELP","ENSG00000188783"
"1035","PRKAB1","Q9Y478","ARHGEF3","ENSG00000163947"
"1036","PRKAR1A","P10644","SERPINE2","ENSG00000135919"
"1037","PRKRA","O75569","ARHGEF3","ENSG00000163947"
"1038","PRL","P01236","LPCAT1","ENSG00000153395"
"1039","PROC","P04070","CELSR2","ENSG00000143126"
"1040","PROK1","P58294","PROK1","ENSG00000143125"
"1041","PRSS2","P07478","NOTCH2","ENSG00000134250"
"1042","PRSS27","Q9BQR3","LINC01221","ENSG00000235492"
"1043","PRSS8","Q16651","GCKR","ENSG00000084734"
"1044","PRTFDC1","Q9NRG1","IRF1","ENSG00000125347"
"1045","PRTG","Q2VWP7","SLC39A8","ENSG00000138821"
"1046","PRTN3","P24158","CSF3R","ENSG00000119535"
"1047","PSG1","P11464","LINC01358","ENSG00000237352"
"1048","PSIP1","O75475","ARHGEF3","ENSG00000163947"
"1049","PSMD9","O00233","CFAP251","ENSG00000158023"
"1050","PSME1","Q06323","ARHGEF3","ENSG00000163947"
"1051","PSME2","Q9UL46","EMC9","ENSG00000100908"
"1052","PSMG3","Q9BT73","PSMG4","ENSG00000180822"
"1053","PSPN","O60542",NA,"ENSG00000287881"
"1054","PSRC1","Q6PGN9","PSRC1","ENSG00000134222"
"1055","PTGDS","P41222","LINC02692","ENSG00000198454"
"1056","PTH1R","Q03431","PTH1R","ENSG00000160801"
"1057","PTK7","Q13308","KLC4","ENSG00000137171"
"1058","PTN","P21246","HLA-DQB1-AS1","ENSG00000223534"
"1059","PTPN1","P18031","ARHGEF3","ENSG00000163947"
"1060","PTPN6","P29350","ARHGEF3","ENSG00000163947"
"1061","PTPRF","P10586","PTPRF","ENSG00000142949"
"1062","PTPRM","P28827","Y_RNA","ENSG00000199595"
"1063","PTPRN2","Q92932","PTPRN2","ENSG00000155093"
"1064","PTPRS","Q13332","GCKR","ENSG00000084734"
"1065","PTS","Q03393","STAB1","ENSG00000010327"
"1066","PTX3","P26022","ITIH1","ENSG00000055957"
"1067","PVALB","P20472","SKI","ENSG00000157933"
"1068","PVR","P15151","MLXIPL","ENSG00000009950"
"1069","PXN","P49023",NA,NA
"1070","QDPR","P09417","ARHGEF3","ENSG00000163947"
"1071","QPCT","Q16769","RUNX3","ENSG00000020633"
"1072","RAB6A","P20340","AC068631.1","ENSG00000197099"
"1073","RABEPK","Q7Z6M1","RABEPK","ENSG00000136933"
"1074","RABGAP1L","Q5R372","RABGAP1L-DT","ENSG00000227373"
"1075","RAD23B","P54727","ARHGEF3","ENSG00000163947"
"1076","RARRES1","P49788","RARRES1","ENSG00000118849"
"1077","RARRES2","Q99969","GCKR","ENSG00000084734"
"1078","RASSF2","P50749","RASSF2","ENSG00000101265"
"1079","RBKS","Q9H477","RBKS","ENSG00000171174"
"1080","RBP2","P50120","ZRANB3","ENSG00000121988"
"1081","RBP5","P82980","KRT18P22","ENSG00000218153"
"1082","RCOR1","Q9UKL0","APOH","ENSG00000091583"
"1083","REG1A","P05451",NA,NA
"1084","REG1B","P48304",NA,NA
"1085","REG3A","Q06141","AC011754.1","ENSG00000224879"
"1086","REG4","Q9BYZ8","RERE","ENSG00000142599"
"1087","RELT","Q969Z4","SHROOM3","ENSG00000138771"
"1088","REN","P00797",NA,NA
"1089","RET","P07949","NPAS2","ENSG00000170485"
"1090","RETN","Q9HD89","CSF3R","ENSG00000119535"
"1091","RGMA","Q96B86","HJV","ENSG00000168509"
"1092","RGMB","Q6NW40","NPHS2","ENSG00000116218"
"1093","RGS8","P57771","IGHV1-58","ENSG00000211968"
"1094","RHOC","P08134","WNT2B","ENSG00000134245"
"1095","RILP","Q96NA2","ARHGEF3","ENSG00000163947"
"1096","RNASE3","P12724","LINC02580","ENSG00000230587"
"1097","RNASET2","O00584","NPHS2","ENSG00000116218"
"1098","ROBO1","Q9Y6N7","RERE","ENSG00000142599"
"1099","ROBO2","Q9HCK4","ROBO2","ENSG00000185008"
"1100","ROR1","Q01973","RPL21P24","ENSG00000229554"
"1101","RP2","O75695","AL390760.1","ENSG00000203364"
"1102","RRM2","P31350","HLA-DQA1","ENSG00000196735"
"1103","RRM2B","Q7LG56","ARHGEF3","ENSG00000163947"
"1104","RSPO1","Q2MKA7","RSPO1","ENSG00000169218"
"1105","RSPO3","Q9BXY4",NA,"ENSG00000286215"
"1106","RTBDN","Q9BSG5","REST","ENSG00000084093"
"1107","RTN4R","Q9BZR6","C1orf105","ENSG00000180999"
"1108","RUVBL1","Q9Y265","IGLV2-23","ENSG00000211660"
"1109","RWDD1","Q9H446","ARHGEF3","ENSG00000163947"
"1110","S100A11","P31949","S100A11","ENSG00000163191"
"1111","S100A12","P80511","S100A9","ENSG00000163220"
"1112","S100A16","Q96FQ6","S100A16","ENSG00000188643"
"1113","S100A4","P26447","S100A3","ENSG00000188015"
"1114","S100P","P25815","LINC02580","ENSG00000230587"
"1115","SAMD9L","Q8IVG5","ARHGEF3","ENSG00000163947"
"1116","SCAMP3","O14828","SCAMP3","ENSG00000116521"
"1117","SCARA5","Q6ZMJ2","GCKR","ENSG00000084734"
"1118","SCARB1","Q8WTV0","IGHD6-19","ENSG00000211914"
"1119","SCARB2","Q14108",NA,NA
"1120","SCARF1","Q14162","TRIM58","ENSG00000162722"
"1121","SCARF2","Q96GP6","NPHS2","ENSG00000116218"
"1122","SCG2","P13521","RFX6","ENSG00000185002"
"1123","SCG3","Q8WXD2",NA,NA
"1124","SCGB1A1","P11684","TP73","ENSG00000078900"
"1125","SCGB3A2","Q96PL1",NA,NA
"1126","SCGN","O76038","ANXA6","ENSG00000197043"
"1127","SCLY","Q96I15","SCLY","ENSG00000132330"
"1128","SCP2","P22307","MICA","ENSG00000204520"
"1129","SCRN1","Q12765","LINC01221","ENSG00000235492"
"1130","SDC1","P18827","RNU6-961P","ENSG00000200763"
"1131","SDC4","P31431","DNM3","ENSG00000197959"
"1132","SELE","P16581","CELSR2","ENSG00000143126"
"1133","SELP","P16109","SELP","ENSG00000174175"
"1134","SELPLG","Q14242",NA,NA
"1135","SEMA3F","Q13275","SEMA3F-AS1","ENSG00000235016"
"1136","SEMA4C","Q9C0C4",NA,NA
"1137","SEMA4D","Q92854","ARHGEF3","ENSG00000163947"
"1138","SEMA7A","O75326","AL590385.2","ENSG00000273112"
"1139","SEPTIN9","Q9UHD8","SEPTIN9","ENSG00000184640"
"1140","SERPINA11","Q86U17","GCKR","ENSG00000084734"
"1141","SERPINA12","Q8IW75","ZSCAN21","ENSG00000166529"
"1142","SERPINA9","Q86WD7","AL671883.1","ENSG00000229836"
"1143","SERPINB1","P30740","IRF1","ENSG00000125347"
"1144","SERPINB5","P36952","SERPINB5","ENSG00000206075"
"1145","SERPINB6","P35237","SERPINB6","ENSG00000124570"
"1146","SERPINB8","P50452","SERPINB8","ENSG00000166401"
"1147","SERPINB9","P50453",NA,NA
"1148","SERPINE1","P05121","MEF2D","ENSG00000116604"
"1149","SESTD1","Q86VW0","SESTD1","ENSG00000187231"
"1150","SETMAR","Q53H47","PEX14","ENSG00000142655"
"1151","SEZ6L","Q9BYH1","AL590385.2","ENSG00000273112"
"1152","SEZ6L2","Q6UXD5","GCKR","ENSG00000084734"
"1153","SF3B4","Q15427","MTMR11","ENSG00000014914"
"1154","SFRP1","Q8N474","CIART","ENSG00000159208"
"1155","SFTPA1","Q8IWL2","SFTPA2","ENSG00000185303"
"1156","SFTPA2","Q8IWL1","NBEAL1","ENSG00000144426"
"1157","SFTPD","P35247","THBS3","ENSG00000169231"
"1158","SH2B3","Q9UQQ2","SLC22A4","ENSG00000197208"
"1159","SH2D1A","O60880","SH2B3","ENSG00000111252"
"1160","SHMT1","P34896","ARHGEF3","ENSG00000163947"
"1161","SIAE","Q9HAT2","JAK1","ENSG00000162434"
"1162","SIGLEC1","Q9BZZ2","NCF2","ENSG00000116701"
"1163","SIGLEC10","Q96LC7","MGAT5","ENSG00000152127"
"1164","SIGLEC5","O15389","ATXN2","ENSG00000204842"
"1165","SIGLEC6","O43699",NA,NA
"1166","SIGLEC7","Q9Y286","MGAT5","ENSG00000152127"
"1167","SIGLEC9","Q9Y336","MTARC1","ENSG00000286231"
"1168","SIRPA","P78324","NPHS2","ENSG00000116218"
"1169","SIRPB1","O00241","NPHS2","ENSG00000116218"
"1170","SIRT2","Q8IXJ6","ARHGEF3","ENSG00000163947"
"1171","SIT1","Q9Y3P8","SH2B3","ENSG00000111252"
"1172","SKAP1","Q86WV1","HLA-DQB1-AS1","ENSG00000223534"
"1173","SKAP2","O75563","ARHGEF3","ENSG00000163947"
"1174","SLAMF1","Q13291","ST3GAL3","ENSG00000126091"
"1175","SLAMF6","Q96DU3","SLAMF6","ENSG00000162739"
"1176","SLAMF7","Q9NQ25","RUNX3","ENSG00000020633"
"1177","SLAMF8","Q9P0V8","SLAMF8","ENSG00000158714"
"1178","SLC16A1","P53985","AL390729.2","ENSG00000228040"
"1179","SLC27A4","Q6P1M0","ARHGEF3","ENSG00000163947"
"1180","SLC39A14","Q15043","MLXIPL","ENSG00000009950"
"1181","SLC39A5","Q6ZMH5","GALNT2","ENSG00000143641"
"1182","SLIT2","O94813",NA,NA
"1183","SLITRK2","Q9H156","MTARC1","ENSG00000286231"
"1184","SLITRK6","Q9H5Y7","NPHS2","ENSG00000116218"
"1185","SMAD1","Q15797","GCKR","ENSG00000084734"
"1186","SMAD5","Q99717","SFRP2","ENSG00000145423"
"1187","SMOC1","Q9H4F8","RNU6-961P","ENSG00000200763"
"1188","SMOC2","Q9H3U7",NA,NA
"1189","SMPD1","P17405","EDEM3","ENSG00000116406"
"1190","SMPDL3A","Q92484","ARID1A","ENSG00000117713"
"1191","SNAP23","O00161","ARHGEF3","ENSG00000163947"
"1192","SNAP29","O95721","ARHGEF3","ENSG00000163947"
"1193","SNCG","O76070","MMRN2","ENSG00000173269"
"1194","SNX9","Q9Y5X1","ZDHHC14","ENSG00000175048"
"1195","SOD1","P00441","ARHGEF3","ENSG00000163947"
"1196","SOD2","P04179","GLMP","ENSG00000198715"
"1197","SORCS2","Q96PQ0","SORCS2","ENSG00000184985"
"1198","SORD","Q00796","AKNA","ENSG00000106948"
"1199","SORT1","Q99523","SORT1","ENSG00000134243"
"1200","SOST","Q9BQB4","PID1","ENSG00000153823"
"1201","SPARC","P09486","PEAR1","ENSG00000187800"
"1202","SPARCL1","Q14515","SPARCL1","ENSG00000152583"
"1203","SPINK1","P00995","SHROOM3","ENSG00000138771"
"1204","SPINK4","O60575",NA,NA
"1205","SPINK5","Q9NQ38",NA,NA
"1206","SPINK6","Q6UWN8","FBXO38-DT","ENSG00000247199"
"1207","SPINT1","O43278","RHBDL2","ENSG00000158315"
"1208","SPINT2","O43291","SERPINE2","ENSG00000135919"
"1209","SPOCK1","Q08629","RPL21P24","ENSG00000229554"
"1210","SPON1","Q9HCB6","CFB","ENSG00000243649"
"1211","SPON2","Q9BUD6","TMED11P","ENSG00000215367"
"1212","SPP1","P10451","OR10AE1P","ENSG00000271890"
"1213","SPRY2","O43597","TRIM58","ENSG00000162722"
"1214","SRC","P12931","IRF1","ENSG00000125347"
"1215","SRP14","P37108","ARHGEF3","ENSG00000163947"
"1216","SRPK2","P78362","ARHGEF3","ENSG00000163947"
"1217","SSC4D","Q8WTU2","EYA3","ENSG00000158161"
"1218","SSC5D","A1L4H1","UMPS","ENSG00000114491"
"1219","ST3GAL1","Q11201","CELSR2","ENSG00000143126"
"1220","ST6GAL1","P15907",NA,NA
"1221","STAMBP","O95630","ACTG2","ENSG00000163017"
"1222","STAT5B","P51692","ARHGEF3","ENSG00000163947"
"1223","STC1","P52823",NA,NA
"1224","STC2","O76061",NA,NA
"1225","STIP1","P31948","ARHGEF3","ENSG00000163947"
"1226","STK11","Q15831","ARHGEF3","ENSG00000163947"
"1227","STK24","Q9Y6E0","ARHGEF3","ENSG00000163947"
"1228","STK4","Q13043","ARHGEF3","ENSG00000163947"
"1229","STX16","O14662","STX16","ENSG00000124222"
"1230","STX4","Q12846","REEP3","ENSG00000165476"
"1231","STX6","O43752","HLA-DQA1","ENSG00000196735"
"1232","STX8","Q9UNK0","ARHGEF3","ENSG00000163947"
"1233","SUGT1","Q9Y2Z0","ARHGEF3","ENSG00000163947"
"1234","SULT1A1","P50225","SMG1P5","ENSG00000183604"
"1235","SULT2A1","Q06520","KLKB1","ENSG00000164344"
"1236","SUMF2","Q8NBJ7","MTARC1","ENSG00000186205"
"1237","SUSD1","Q6UWL2","PDIA5","ENSG00000065485"
"1238","SUSD2","Q9UGT4","ST6GAL1","ENSG00000073849"
"1239","TACC3","Q9Y6A5","TACC3","ENSG00000013810"
"1240","TACSTD2","P09758","TACSTD2","ENSG00000184292"
"1241","TAFA5","Q7Z5A7","SHROOM3","ENSG00000138771"
"1242","TARBP2","Q15633","ARHGEF3","ENSG00000163947"
"1243","TBC1D17","Q9HA65","TBC1D17","ENSG00000104946"
"1244","TBC1D23","Q9NUY8","TBC1D23","ENSG00000036054"
"1245","TBC1D5","Q92609","ARHGEF3","ENSG00000163947"
"1246","TBCB","Q99426","ARHGEF3","ENSG00000163947"
"1247","TBCC","Q15814","ARHGEF3","ENSG00000163947"
"1248","TBL1X","O60907","ARHGEF3","ENSG00000163947"
"1249","TCL1A","P56279","RERE","ENSG00000142599"
"1250","TCN2","P20062","ABO","ENSG00000175164"
"1251","TDGF1","P13385","TDGF1","ENSG00000241186"
"1252","TDRKH","Q9Y2W6","TDRKH","ENSG00000182134"
"1253","TEK","Q02763","FCGR2B","ENSG00000072694"
"1254","TFF1","P04155","MTX1","ENSG00000173171"
"1255","TFF2","Q03403","MTX1","ENSG00000173171"
"1256","TFF3","Q07654","SHROOM3","ENSG00000138771"
"1257","TFPI","P10646",NA,"ENSG00000213062"
"1258","TFPI2","P48307",NA,NA
"1259","TFRC","P02786","TMCC2","ENSG00000133069"
"1260","TGFA","P01135","TGFA","ENSG00000163235"
"1261","TGFB1","P01137","PDIA5","ENSG00000065485"
"1262","TGFBI","Q15582","AGT","ENSG00000135744"
"1263","TGFBR2","P37173","NPHS2","ENSG00000116218"
"1264","TGFBR3","Q03167","FGGY-DT","ENSG00000224609"
"1265","TGM2","P21980","HLA-DQA1","ENSG00000196735"
"1266","THBD","P07204","RPL21P24","ENSG00000229554"
"1267","THBS2","P35442","C7","ENSG00000112936"
"1268","THBS4","P35443",NA,NA
"1269","THOP1","P52888","THOP1","ENSG00000172009"
"1270","THPO","P40225","NBEAL2","ENSG00000160796"
"1271","THY1","P04216","PKD2L1","ENSG00000107593"
"1272","TIA1","P31483","ARHGEF3","ENSG00000163947"
"1273","TIE1","P35590","TIE1","ENSG00000066056"
"1274","TIGAR","Q9NQ88","CCND2","ENSG00000118971"
"1275","TIMD4","Q96H15","TMED5","ENSG00000117500"
"1276","TIMP1","P01033","TENT5C","ENSG00000183508"
"1277","TIMP3","P35625","MEF2D","ENSG00000116604"
"1278","TIMP4","Q99727",NA,NA
"1279","TINAGL1","Q9GZM7","FAAP20","ENSG00000162585"
"1280","TJAP1","Q5JTD0","ARHGEF3","ENSG00000163947"
"1281","TLR3","O15455","RPL31P11","ENSG00000213075"
"1282","TMPRSS15","P98073",NA,NA
"1283","TMPRSS5","Q9H3S3","PHLDA3","ENSG00000174307"
"1284","TMSB10","P63313","ARHGEF3","ENSG00000163947"
"1285","TNC","P24821",NA,NA
"1286","TNF","P01375","TNF","ENSG00000232810"
"1287","TNFAIP8","O95379","TNFAIP8","ENSG00000145779"
"1288","TNFRSF10A","O00220","LINC02068","ENSG00000223387"
"1289","TNFRSF10B","O14763","LINC02068","ENSG00000223387"
"1290","TNFRSF10C","O14798","CSF3R","ENSG00000119535"
"1291","TNFRSF11A","Q9Y6Q6","RPS6KA1","ENSG00000117676"
"1292","TNFRSF11B","O00300","ARID1A","ENSG00000117713"
"1293","TNFRSF12A","Q9NP84","FOLR3","ENSG00000110203"
"1294","TNFRSF13B","O14836",NA,NA
"1295","TNFRSF13C","Q96RJ3","EBF1","ENSG00000164330"
"1296","TNFRSF14","Q92956","TNFRSF14","ENSG00000157873"
"1297","TNFRSF19","Q9NS68","LMLN","ENSG00000185621"
"1298","TNFRSF1A","P19438","NPHS2","ENSG00000116218"
"1299","TNFRSF1B","P20333","TNFRSF1B","ENSG00000028137"
"1300","TNFRSF21","O75509","CELSR2","ENSG00000143126"
"1301","TNFRSF4","P43489","TNFRSF4","ENSG00000186827"
"1302","TNFRSF6B","O95407",NA,NA
"1303","TNFRSF8","P28908","RN7SL649P","ENSG00000243539"
"1304","TNFRSF9","Q07011","TNFRSF9","ENSG00000049249"
"1305","TNFSF10","P50591","BX248415.1","ENSG00000285986"
"1306","TNFSF11","O14788","CELSR2","ENSG00000143126"
"1307","TNFSF12","O43508","ARNT","ENSG00000143437"
"1308","TNFSF13","O75888","CELSR2","ENSG00000143126"
"1309","TNFSF13B","Q9Y275","STT3B","ENSG00000163527"
"1310","TNFSF14","O43557","SLC22A4","ENSG00000197208"
"1311","TNR","Q92752","TNR","ENSG00000116147"
"1312","TNXB","P22105","TGFBI","ENSG00000120708"
"1313","TP53","P04637","TP53","ENSG00000141510"
"1314","TP53INP1","Q96A56","TRAV4","ENSG00000211778"
"1315","TPMT","P51580","NHLRC1","ENSG00000187566"
"1316","TPP1","O14773","TMEM131L","ENSG00000121210"
"1317","TPPP3","Q9BW30","KCTD19","ENSG00000168676"
"1318","TPSAB1","Q15661",NA,NA
"1319","TRAF2","Q12933","ARHGEF3","ENSG00000163947"
"1320","TREM2","Q9NZC2","RPS23P10","ENSG00000224203"
"1321","TREML2","Q5T2D2","TDRD5","ENSG00000162782"
"1322","TRIAP1","O43715","GLRX2","ENSG00000023572"
"1323","TRIM21","P19474","VARS1","ENSG00000204394"
"1324","TRIM5","Q9C035","TRIM5","ENSG00000132256"
"1325","TSHB","P01222","MICOS10","ENSG00000173436"
"1326","TSPAN1","O60635","TSPAN1","ENSG00000117472"
"1327","TST","Q16762","NCF4","ENSG00000100365"
"1328","TXLNA","P40222","ARHGEF3","ENSG00000163947"
"1329","TXNDC15","Q96J42","RUNX3","ENSG00000020633"
"1330","TXNDC5","Q8NBS9","ARHGEF3","ENSG00000163947"
"1331","TXNRD1","Q16881","ARHGEF3","ENSG00000163947"
"1332","TYMP","P19971","LINC02356","ENSG00000257595"
"1333","TYRO3","Q06418","ST3GAL3","ENSG00000126091"
"1334","UBAC1","Q9BSL1","C3orf62","ENSG00000188315"
"1335","ULBP2","Q9BZM5",NA,NA
"1336","UMOD","P07911",NA,NA
"1337","USO1","O60763","ARHGEF3","ENSG00000163947"
"1338","USP8","P40818","RNPEPL1","ENSG00000142327"
"1339","UXS1","Q8NBZ7","CELSR2","ENSG00000143126"
"1340","VAMP5","O95183","VAMP8","ENSG00000118640"
"1341","VASH1","Q7L8A9","ARHGEF3","ENSG00000163947"
"1342","VASN","Q6EMK4","TDRD5","ENSG00000162782"
"1343","VAT1","Q99536","CPS1","ENSG00000021826"
"1344","VCAM1","P19320",NA,NA
"1345","VCAN","P13611","HSPA7","ENSG00000225217"
"1346","VEGFA","P15692","MEF2D","ENSG00000116604"
"1347","VEGFC","P49767","TBC1D5","ENSG00000131374"
"1348","VEGFD","O43915","KNG1","ENSG00000113889"
"1349","VMO1","Q7Z5L0",NA,NA
"1350","VNN2","O95498",NA,"ENSG00000228541"
"1351","VPS37A","Q8NEZ2","ARHGEF3","ENSG00000163947"
"1352","VPS53","Q5VIR6","ARHGEF3","ENSG00000163947"
"1353","VSIG4","Q9Y279","CFH","ENSG00000000971"
"1354","VSIR","Q9H7M9","PDIA5","ENSG00000065485"
"1355","VSTM1","Q6UX27",NA,NA
"1356","VSTM2L","Q96N03","CELSR2","ENSG00000143126"
"1357","VTA1","Q9NP79","ARHGEF3","ENSG00000163947"
"1358","VTCN1","Q7Z7D3","VTCN1","ENSG00000134258"
"1359","VWA1","Q6PCB0","ATAD3B","ENSG00000160072"
"1360","VWC2","Q2TAL6","NPHS2","ENSG00000116218"
"1361","VWF","P04275","STXBP5","ENSG00000164506"
"1362","WARS","P23381","CD163L1","ENSG00000177675"
"1363","WAS","P42768","KNG1","ENSG00000113889"
"1364","WASF1","Q92558","ARHGEF3","ENSG00000163947"
"1365","WASF3","Q9UPY6","WASF3-AS1","ENSG00000237001"
"1366","WFDC12","Q8WWY7","FLG","ENSG00000143631"
"1367","WFDC2","Q14508","PDILT","ENSG00000169340"
"1368","WFIKKN1","Q96NZ8","CLIC4","ENSG00000169504"
"1369","WFIKKN2","Q8TEU8","SDC3","ENSG00000162512"
"1370","WIF1","Q9Y5W5","FMN2","ENSG00000155816"
"1371","WNT9A","O14904",NA,NA
"1372","WWP2","O00308","ARHGEF3","ENSG00000163947"
"1373","XCL1","P47992",NA,NA
"1374","XG","P55808","TSPAN8","ENSG00000127324"
"1375","XPNPEP2","O43895","ARID1A","ENSG00000117713"
"1376","XRCC4","Q13426","XRCC4","ENSG00000152422"
"1377","YES1","P07947","ARHGEF3","ENSG00000163947"
"1378","YTHDF3","Q7Z739","ARHGEF3","ENSG00000163947"
"1379","ZBTB16","Q05516","ARHGEF3","ENSG00000163947"
"1380","ZBTB17","Q13105","HABP2","ENSG00000148702"
